Match_ID,Date,Season,Player,Runs,Balls_Faced,Fours,Sixes,Wickets,Overs_Bowled,Runs_Conceded,Strike_Rate,Economy_Rate
1,2024-03-22,2024,Sanju Samson,41,28,4,2,0.0,0.0,0,150.0,0.0
1,2024-03-22,2024,Travis Head,38,22,3,2,0.0,0.0,0,166.67,0.0
1,2024-03-22,2024,Ravindra Jadeja,22,18,2,1,1.0,3.1,24,128.57,7.6
1,2024-03-22,2024,Mayank Yadav,2,1,0,0,1.0,2.1,18,133.33,8.75
1,2024-03-22,2024,Abhishek Sharma,17,10,2,1,0.0,0.5,5,172.73,9.17
2,2024-03-23,2024,Ruturaj Gaikwad,45,31,4,2,0.0,0.0,0,144.0,0.0
2,2024-03-23,2024,Rohit Sharma,39,26,4,2,0.0,0.0,0,147.62,0.0
2,2024-03-23,2024,Andre Russell,30,17,2,2,1.0,2.5,22,177.78,9.0
2,2024-03-23,2024,Jasprit Bumrah,3,2,0,0,1.0,2.8,21,120.0,7.66
2,2024-03-23,2024,Mohit Sharma,2,1,0,0,1.0,2.4,22,128.57,8.93
3,2024-03-23,2024,Virat Kohli,56,40,5,2,0.0,0.0,0,140.62,0.0
3,2024-03-23,2024,Shubman Gill,42,29,4,2,0.0,0.0,0,144.68,0.0
3,2024-03-23,2024,Sunil Narine,26,15,2,2,2.0,3.8,31,175.0,8.33
3,2024-03-23,2024,Yuzvendra Chahal,3,2,0,0,2.0,4.0,38,125.0,9.38
3,2024-03-23,2024,Mustafizur Rahman,1,1,0,0,1.0,2.6,23,125.0,8.67
3,2024-03-23,2024,Sam Curran,15,11,1,1,1.0,1.6,13,136.0,8.33
4,2024-03-24,2024,Sanju Samson,41,28,4,2,0.0,0.0,0,150.0,0.0
4,2024-03-24,2024,Travis Head,38,22,3,2,0.0,0.0,0,166.67,0.0
4,2024-03-24,2024,Ravindra Jadeja,22,18,2,1,1.0,3.1,24,128.57,7.6
4,2024-03-24,2024,Mayank Yadav,2,1,0,0,1.0,2.1,18,133.33,8.75
4,2024-03-24,2024,Abhishek Sharma,17,10,2,1,0.0,0.5,5,172.73,9.17
5,2024-03-24,2024,Ruturaj Gaikwad,45,31,4,2,0.0,0.0,0,144.0,0.0
5,2024-03-24,2024,Rohit Sharma,39,26,4,2,0.0,0.0,0,147.62,0.0
5,2024-03-24,2024,Andre Russell,30,17,2,2,1.0,2.5,22,177.78,9.0
5,2024-03-24,2024,Jasprit Bumrah,3,2,0,0,1.0,2.8,21,120.0,7.66
5,2024-03-24,2024,Mohit Sharma,2,1,0,0,1.0,2.4,22,128.57,8.93
6,2024-03-25,2024,Virat Kohli,56,40,5,2,0.0,0.0,0,140.62,0.0
6,2024-03-25,2024,Shubman Gill,42,29,4,2,0.0,0.0,0,144.68,0.0
6,2024-03-25,2024,Sunil Narine,26,15,2,2,2.0,3.8,31,175.0,8.33
6,2024-03-25,2024,Yuzvendra Chahal,3,2,0,0,2.0,4.0,38,125.0,9.38
6,2024-03-25,2024,Mustafizur Rahman,1,1,0,0,1.0,2.6,23,125.0,8.67
6,2024-03-25,2024,Sam Curran,15,11,1,1,1.0,1.6,13,136.0,8.33
7,2024-03-26,2024,Sanju Samson,41,28,4,2,0.0,0.0,0,150.0,0.0
7,2024-03-26,2024,Travis Head,38,22,3,2,0.0,0.0,0,166.67,0.0
7,2024-03-26,2024,Ravindra Jadeja,22,18,2,1,1.0,3.1,24,128.57,7.6
7,2024-03-26,2024,Mayank Yadav,2,1,0,0,1.0,2.1,18,133.33,8.75
7,2024-03-26,2024,Abhishek Sharma,17,10,2,1,0.0,0.5,5,172.73,9.17
8,2024-03-27,2024,Ruturaj Gaikwad,45,31,4,2,0.0,0.0,0,144.0,0.0
8,2024-03-27,2024,Rohit Sharma,39,26,4,2,0.0,0.0,0,147.62,0.0
8,2024-03-27,2024,Andre Russell,30,17,2,2,1.0,2.5,22,177.78,9.0
8,2024-03-27,2024,Jasprit Bumrah,3,2,0,0,1.0,2.8,21,120.0,7.66
8,2024-03-27,2024,Mohit Sharma,2,1,0,0,1.0,2.4,22,128.57,8.93
9,2024-03-28,2024,Virat Kohli,56,40,5,2,0.0,0.0,0,140.62,0.0
9,2024-03-28,2024,Shubman Gill,42,29,4,2,0.0,0.0,0,144.68,0.0
9,2024-03-28,2024,Sunil Narine,26,15,2,2,2.0,3.8,31,175.0,8.33
9,2024-03-28,2024,Yuzvendra Chahal,3,2,0,0,2.0,4.0,38,125.0,9.38
9,2024-03-28,2024,Mustafizur Rahman,1,1,0,0,1.0,2.6,23,125.0,8.67
9,2024-03-28,2024,Sam Curran,15,11,1,1,1.0,1.6,13,136.0,8.33
10,2024-03-29,2024,Sanju Samson,41,28,4,2,0.0,0.0,0,150.0,0.0
10,2024-03-29,2024,Travis Head,38,22,3,2,0.0,0.0,0,166.67,0.0
10,2024-03-29,2024,Ravindra Jadeja,22,18,2,1,1.0,3.1,24,128.57,7.6
10,2024-03-29,2024,Mayank Yadav,2,1,0,0,1.0,2.1,18,133.33,8.75
10,2024-03-29,2024,Abhishek Sharma,17,10,2,1,0.0,0.5,5,172.73,9.17
11,2024-03-30,2024,Ruturaj Gaikwad,45,31,4,2,0.0,0.0,0,144.0,0.0
11,2024-03-30,2024,Rohit Sharma,39,26,4,2,0.0,0.0,0,147.62,0.0
11,2024-03-30,2024,Andre Russell,30,17,2,2,1.0,2.5,22,177.78,9.0
11,2024-03-30,2024,Jasprit Bumrah,3,2,0,0,1.0,2.8,21,120.0,7.66
11,2024-03-30,2024,Mohit Sharma,2,1,0,0,1.0,2.4,22,128.57,8.93
12,2024-03-31,2024,Virat Kohli,56,40,5,2,0.0,0.0,0,140.62,0.0
12,2024-03-31,2024,Shubman Gill,42,29,4,2,0.0,0.0,0,144.68,0.0
12,2024-03-31,2024,Sunil Narine,26,15,2,2,2.0,3.8,31,175.0,8.33
12,2024-03-31,2024,Yuzvendra Chahal,3,2,0,0,2.0,4.0,38,125.0,9.38
12,2024-03-31,2024,Mustafizur Rahman,1,1,0,0,1.0,2.6,23,125.0,8.67
12,2024-03-31,2024,Sam Curran,15,11,1,1,1.0,1.6,13,136.0,8.33
13,2024-04-01,2024,Sanju Samson,41,28,4,2,0.0,0.0,0,150.0,0.0
13,2024-04-01,2024,Travis Head,38,22,3,2,0.0,0.0,0,166.67,0.0
13,2024-04-01,2024,Ravindra Jadeja,22,18,2,1,1.0,3.1,24,128.57,7.6
13,2024-04-01,2024,Mayank Yadav,2,1,0,0,1.0,2.1,18,133.33,8.75
13,2024-04-01,2024,Abhishek Sharma,17,10,2,1,0.0,0.5,5,172.73,9.17
14,2024-04-02,2024,Ruturaj Gaikwad,45,31,4,2,0.0,0.0,0,144.0,0.0
14,2024-04-02,2024,Rohit Sharma,39,26,4,2,0.0,0.0,0,147.62,0.0
14,2024-04-02,2024,Andre Russell,30,17,2,2,1.0,2.5,22,177.78,9.0
14,2024-04-02,2024,Jasprit Bumrah,3,2,0,0,1.0,2.8,21,120.0,7.66
14,2024-04-02,2024,Mohit Sharma,2,1,0,0,1.0,2.4,22,128.57,8.93
15,2024-04-03,2024,Virat Kohli,56,40,5,2,0.0,0.0,0,140.62,0.0
15,2024-04-03,2024,Shubman Gill,42,29,4,2,0.0,0.0,0,144.68,0.0
15,2024-04-03,2024,Sunil Narine,26,15,2,2,2.0,3.8,31,175.0,8.33
15,2024-04-03,2024,Yuzvendra Chahal,3,2,0,0,2.0,4.0,38,125.0,9.38
15,2024-04-03,2024,Mustafizur Rahman,1,1,0,0,1.0,2.6,23,125.0,8.67
15,2024-04-03,2024,Sam Curran,15,11,1,1,1.0,1.6,13,136.0,8.33
16,2024-04-04,2024,Sanju Samson,41,28,4,2,0.0,0.0,0,150.0,0.0
16,2024-04-04,2024,Travis Head,38,22,3,2,0.0,0.0,0,166.67,0.0
16,2024-04-04,2024,Ravindra Jadeja,22,18,2,1,1.0,3.1,24,128.57,7.6
16,2024-04-04,2024,Mayank Yadav,2,1,0,0,1.0,2.1,18,133.33,8.75
16,2024-04-04,2024,Abhishek Sharma,17,10,2,1,0.0,0.5,5,172.73,9.17
17,2024-04-05,2024,Ruturaj Gaikwad,45,31,4,2,0.0,0.0,0,144.0,0.0
17,2024-04-05,2024,Rohit Sharma,39,26,4,2,0.0,0.0,0,147.62,0.0
17,2024-04-05,2024,Andre Russell,30,17,2,2,1.0,2.5,22,177.78,9.0
17,2024-04-05,2024,Jasprit Bumrah,3,2,0,0,1.0,2.8,21,120.0,7.66
17,2024-04-05,2024,Mohit Sharma,2,1,0,0,1.0,2.4,22,128.57,8.93
18,2024-04-06,2024,Virat Kohli,56,40,5,2,0.0,0.0,0,140.62,0.0
18,2024-04-06,2024,Shubman Gill,42,29,4,2,0.0,0.0,0,144.68,0.0
18,2024-04-06,2024,Sunil Narine,26,15,2,2,2.0,3.8,31,175.0,8.33
18,2024-04-06,2024,Yuzvendra Chahal,3,2,0,0,2.0,4.0,38,125.0,9.38
18,2024-04-06,2024,Mustafizur Rahman,1,1,0,0,1.0,2.6,23,125.0,8.67
18,2024-04-06,2024,Sam Curran,15,11,1,1,1.0,1.6,13,136.0,8.33
19,2024-04-07,2024,Sanju Samson,41,28,4,2,0.0,0.0,0,150.0,0.0
19,2024-04-07,2024,Travis Head,38,22,3,2,0.0,0.0,0,166.67,0.0
19,2024-04-07,2024,Ravindra Jadeja,22,18,2,1,1.0,3.1,24,128.57,7.6
19,2024-04-07,2024,Mayank Yadav,2,1,0,0,1.0,2.1,18,133.33,8.75
19,2024-04-07,2024,Abhishek Sharma,17,10,2,1,0.0,0.5,5,172.73,9.17
20,2024-04-08,2024,Ruturaj Gaikwad,45,31,4,2,0.0,0.0,0,144.0,0.0
20,2024-04-08,2024,Rohit Sharma,39,26,4,2,0.0,0.0,0,147.62,0.0
20,2024-04-08,2024,Andre Russell,30,17,2,2,1.0,2.5,22,177.78,9.0
20,2024-04-08,2024,Jasprit Bumrah,3,2,0,0,1.0,2.8,21,120.0,7.66
20,2024-04-08,2024,Mohit Sharma,2,1,0,0,1.0,2.4,22,128.57,8.93
